experiment_type,heldout_site,model,featuregroup,hyperparameter_tuning,top5_features,trainset_size,testset_size,train_accuracy,test_accuracy,precision,recall,f1 score,actual_mins_GENON,predicted_mins_GENON,Percentage generator on-time detection error
modified loso,Walikale,LogisticRegression,Voltage and Frequency Only,True,"volt_b, freq_b, volt_a, freq_a",85680,8064,0.8361111111111111,0.8795882936507936,0.0,0.0,0.0,964,7,-99.27385892116183
modified loso,Walikale,RandomForest_tuned,Voltage and Frequency Only,True,"volt_b, freq_b, freq_a, volt_a",85680,8064,0.983391690009337,0.8696676587301587,0.4370477568740955,0.3132780082987552,0.3649546827794562,964,691,-28.319502074688796
modified loso,Walikale,XGBoost_tuned,Voltage and Frequency Only,True,"freq_b, volt_b, freq_a, volt_a",85680,8064,0.9848972922502335,0.9157986111111112,0.9552715654952076,0.31016597510373445,0.4682850430696946,964,313,-67.5311203319502
modified loso,Walikale,LogisticRegression,"Voltage, Frequency and Mean Threshold",True,"volt_b, higher_freq_clinique, higher_volt_clinique, higher_freq_lab, freq_a",85680,8064,0.8784313725490196,0.8870287698412699,0.8533333333333334,0.06639004149377593,0.12319538017324351,964,75,-92.21991701244814
modified loso,Walikale,RandomForest_tuned,"Voltage, Frequency and Mean Threshold",True,"volt_b, freq_b, freq_a, volt_a, higher_volt_lab",85680,8064,0.9822012138188608,0.8692956349206349,0.43478260869565216,0.3112033195020747,0.36275695284159615,964,690,-28.42323651452282
modified loso,Walikale,XGBoost_tuned,"Voltage, Frequency and Mean Threshold",True,"volt_b, freq_b, freq_a, higher_volt_lab, volt_a",85680,8064,0.984920634920635,0.9480406746031746,0.9755671902268761,0.5798755186721992,0.7273910214703969,964,573,-40.560165975103736
modified loso,Walikale,LogisticRegression,"Voltage, Frequency, Mean Threshold and Time Series",True,"volt_b, Prev_High_delta_freq_lab, freq_in_range_clinique, Prev_High_delta_freq_clinique, volt_in_range_clinique",85680,8064,0.9251750700280112,0.4460565476190476,0.04565499351491569,0.1825726141078838,0.07304420004150239,964,3855,299.896265560166
modified loso,Walikale,RandomForest_tuned,"Voltage, Frequency, Mean Threshold and Time Series",True,"volt_b, freq_b, freq_a, volt_a, Freq_delta_lab",85680,8064,0.9985527544351074,0.6086309523809523,0.1394736842105263,0.43983402489626555,0.21178821178821178,964,3040,215.35269709543567
modified loso,Walikale,XGBoost_tuned,"Voltage, Frequency, Mean Threshold and Time Series",True,"volt_in_range_lab, freq_b, volt_b, Hour_4, freq_a",85680,8064,0.9984126984126984,0.7847222222222222,0.2911255411255411,0.558091286307054,0.38264580369843526,964,1848,91.70124481327801
modified loso,Walikale,LogisticRegression,"Voltage, Frequency, Mean threshold, TS and HMM",True,"Prev_High_delta_freq_lab, volt_b, HMM_State_volt_b_1, volt_a, Prev_High_delta_freq_clinique",85680,8064,0.9305205415499533,0.6108630952380952,0.20055096418732782,0.7551867219917012,0.3169351327818894,964,3630,276.5560165975104
modified loso,Walikale,RandomForest_tuned,"Voltage, Frequency, Mean threshold, TS and HMM",True,"volt_b, freq_b, freq_a, volt_a, Freq_delta_lab",85680,8064,0.9987511671335201,0.7302827380952381,0.21070234113712374,0.4574688796680498,0.2885181550539745,964,2093,117.11618257261411
modified loso,Walikale,XGBoost_tuned,"Voltage, Frequency, Mean threshold, TS and HMM",True,"freq_b, volt_b, HMM_State_volt_b_3, HMM_State_freq_b_0, Hour_4",85680,8064,0.9985294117647059,0.7006448412698413,0.21855590062111802,0.5840248962655602,0.31807909604519774,964,2576,167.21991701244812
modified loso,Katwa,LogisticRegression,Voltage and Frequency Only,True,"volt_b, freq_b, volt_a, freq_a",85680,8064,0.8490546218487395,0.8914930555555556,0.25,0.0034522439585730723,0.00681044267877412,869,12,-98.61910241657077
modified loso,Katwa,RandomForest_tuned,Voltage and Frequency Only,True,"volt_b, freq_a, freq_b, volt_a",85680,8064,0.992577030812325,0.9074900793650794,0.9555555555555556,0.14844649021864212,0.25697211155378485,869,135,-84.46490218642117
modified loso,Katwa,XGBoost_tuned,Voltage and Frequency Only,True,"volt_b, freq_b, freq_a, volt_a",85680,8064,0.9922852474323063,0.9113343253968254,0.9476744186046512,0.18757192174913695,0.31316042267050914,869,172,-80.20713463751439
modified loso,Katwa,LogisticRegression,"Voltage, Frequency and Mean Threshold",True,"volt_b, higher_volt_clinique, higher_volt_lab, freq_a, higher_freq_lab",85680,8064,0.85359477124183,0.875,0.10734463276836158,0.02186421173762946,0.036328871892925434,869,177,-79.63176064441888
modified loso,Katwa,RandomForest_tuned,"Voltage, Frequency and Mean Threshold",True,"volt_b, freq_a, freq_b, volt_a, higher_volt_lab",85680,8064,0.9923202614379085,0.9091021825396826,0.9594594594594594,0.16340621403912542,0.27925270403146507,869,148,-82.96892980437285
modified loso,Katwa,XGBoost_tuned,"Voltage, Frequency and Mean Threshold",True,"volt_b, freq_a, freq_b, volt_a, higher_volt_clinique",85680,8064,0.9921685340802988,0.9104662698412699,0.9248554913294798,0.18411967779056387,0.30710172744721687,869,173,-80.09205983889528
modified loso,Katwa,LogisticRegression,"Voltage, Frequency, Mean Threshold and Time Series",True,"volt_b, volt_in_range_clinique, Prev_High_delta_freq_lab, Prev_High_delta_freq_clinique, volt_a",85680,8064,0.9301704014939309,0.8604910714285714,0.25193798449612403,0.14959723820483314,0.18772563176895307,869,516,-40.62140391254315
modified loso,Katwa,RandomForest_tuned,"Voltage, Frequency, Mean Threshold and Time Series",True,"volt_b, freq_a, volt_a, freq_b, Volt_delta_clinique",85680,8064,0.9997432306255836,0.9381200396825397,0.9534313725490197,0.4476409666283084,0.6092404072043853,869,408,-53.04948216340621
modified loso,Katwa,XGBoost_tuned,"Voltage, Frequency, Mean Threshold and Time Series",True,"volt_in_range_lab, volt_b, freq_b, freq_a, Hour_4",85680,8064,0.9999766573295985,0.9184027777777778,0.8981132075471698,0.27387802071346373,0.41975308641975306,869,265,-69.50517836593787
modified loso,Katwa,LogisticRegression,"Voltage, Frequency, Mean threshold, TS and HMM",True,"volt_b, HMM_State_volt_b_2, Prev_High_delta_freq_clinique, HMM_State_volt_b_3, higher_volt_clinique",85680,8064,0.9850023342670402,0.9176587301587301,0.7378190255220418,0.3659378596087457,0.48923076923076925,869,431,-50.40276179516686
modified loso,Katwa,RandomForest_tuned,"Voltage, Frequency, Mean threshold, TS and HMM",True,"volt_b, HMM_State_freq_b_1, volt_a, HMM_State_freq_a_0, HMM_State_volt_a_0",85680,8064,0.9997665732959851,0.8550347222222222,0.2641509433962264,0.19332566168009205,0.22325581395348837,869,636,-26.812428078250864
modified loso,Katwa,XGBoost_tuned,"Voltage, Frequency, Mean threshold, TS and HMM",True,"HMM_State_freq_b_1, HMM_State_freq_a_2, HMM_State_volt_b_2, HMM_State_freq_b_0, volt_b",85680,8064,0.9999649859943978,0.9255952380952381,0.8944281524926686,0.35097813578826237,0.5041322314049587,869,341,-60.75949367088607
modified loso,Ndosho,LogisticRegression,Voltage and Frequency Only,True,"volt_a, freq_a, freq_b, volt_b",60480,18144,0.8633928571428572,0.8168540564373897,0.7142857142857143,0.001503307276007216,0.003000300030003,3326,7,-99.78953698135899
modified loso,Ndosho,RandomForest_tuned,Voltage and Frequency Only,True,"freq_a, freq_b, volt_a, volt_b",60480,18144,0.9887896825396826,0.8431988536155203,0.5866042491897732,0.48977751052315094,0.5338358184499427,3326,2777,-16.50631389055923
modified loso,Ndosho,XGBoost_tuned,Voltage and Frequency Only,True,"freq_b, freq_a, volt_b, volt_a",60480,18144,0.9890707671957671,0.812334656084656,0.48752762867066624,0.46422128683102826,0.47558909594948406,3326,3167,-4.7805171377029465
modified loso,Ndosho,LogisticRegression,"Voltage, Frequency and Mean Threshold",True,"freq_a, higher_freq_lab, higher_volt_lab, higher_freq_clinique, freq_b",60480,18144,0.8731316137566137,0.814539241622575,0.0851063829787234,0.0012026458208057728,0.0023717758671805513,3326,47,-98.58689116055322
modified loso,Ndosho,RandomForest_tuned,"Voltage, Frequency and Mean Threshold",True,"freq_a, volt_a, freq_b, volt_b, higher_volt_lab",60480,18144,0.9933531746031746,0.8340498236331569,0.5549354726194629,0.4783523752254961,0.5138059098982722,3326,2867,-13.800360793746242
modified loso,Ndosho,XGBoost_tuned,"Voltage, Frequency and Mean Threshold",True,"freq_b, freq_a, higher_volt_clinique, higher_freq_lab, volt_b",60480,18144,0.9890873015873016,0.814594356261023,0.49415744157441577,0.4831629585087192,0.48859835816357555,3326,3252,-2.2248947684906795
modified loso,Ndosho,LogisticRegression,"Voltage, Frequency, Mean Threshold and Time Series",True,"Prev_High_delta_freq_lab, Prev_High_delta_freq_clinique, volt_in_range_clinique, Prev_High_delta_volt_lab, volt_b",60480,18144,0.8875826719576719,0.814539241622575,0.3511450381679389,0.013830426939266387,0.026612669945039052,3326,131,-96.0613349368611
modified loso,Ndosho,RandomForest_tuned,"Voltage, Frequency, Mean Threshold and Time Series",True,"freq_a, volt_a, freq_b, Freq_delta_lab, volt_b",60480,18144,0.9984953703703704,0.8245149911816578,0.5199662542182227,0.5559230306674684,0.5373437954083116,3326,3556,6.915213469633193
modified loso,Ndosho,XGBoost_tuned,"Voltage, Frequency, Mean Threshold and Time Series",True,"freq_b, freq_a, Hour_0, Hour_1, Hour_2",60480,18144,0.999156746031746,0.8112323633156967,0.48556430446194226,0.5006013229104029,0.4929681717246484,3326,3429,3.0968129885748645
modified loso,Ndosho,LogisticRegression,"Voltage, Frequency, Mean threshold, TS and HMM",True,"volt_b, volt_a, volt_in_range_clinique, HMM_State_volt_b_1, Prev_High_delta_freq_clinique",60480,18144,0.9723710317460318,0.6819334215167548,0.3006685145931844,0.5544197233914612,0.3898932233851358,3326,6133,84.3956704750451
modified loso,Ndosho,RandomForest_tuned,"Voltage, Frequency, Mean threshold, TS and HMM",True,"HMM_State_freq_a_0, HMM_State_freq_b_3, freq_b, volt_b, volt_a",60480,18144,0.9985615079365079,0.841820987654321,0.5762541806020067,0.5180396873120866,0.545598480050665,3326,2990,-10.10222489476849
modified loso,Ndosho,XGBoost_tuned,"Voltage, Frequency, Mean threshold, TS and HMM",True,"HMM_State_freq_b_3, HMM_State_freq_a_0, HMM_State_freq_a_2, HMM_State_volt_b_1, HMM_State_freq_b_0",60480,18144,0.9986276455026455,0.8064373897707231,0.4722388059701493,0.4756464221286831,0.47393648891551826,3326,3350,0.7215874924834637
modified loso,Kitatumba,LogisticRegression,Voltage and Frequency Only,True,"volt_b, freq_b, volt_a, freq_a",85680,8064,0.8677521008403362,0.7410714285714286,0.0,0.0,0.0,2088,0,-100.0
modified loso,Kitatumba,RandomForest_tuned,Voltage and Frequency Only,True,"volt_b, freq_a, freq_b, volt_a",85680,8064,0.983578431372549,0.7682291666666666,0.8328267477203647,0.13122605363984674,0.2267273479520066,2088,329,-84.24329501915709
modified loso,Kitatumba,XGBoost_tuned,Voltage and Frequency Only,True,"volt_b, freq_a, volt_a, freq_b",85680,8064,0.9853991596638656,0.8175843253968254,0.8910012674271229,0.3366858237547893,0.48870351060132083,2088,789,-62.21264367816092
modified loso,Kitatumba,LogisticRegression,"Voltage, Frequency and Mean Threshold",True,"volt_b, higher_volt_clinique, freq_b, higher_volt_lab, volt_a",85680,8064,0.8926820728291317,0.7590525793650794,1.0,0.06944444444444445,0.12987012987012986,2088,145,-93.05555555555556
modified loso,Kitatumba,RandomForest_tuned,"Voltage, Frequency and Mean Threshold",True,"volt_b, freq_a, freq_b, volt_a, higher_volt_lab",85680,8064,0.9826914098972922,0.7719494047619048,0.8878504672897196,0.13649425287356323,0.23661270236612703,2088,321,-84.6264367816092
modified loso,Kitatumba,XGBoost_tuned,"Voltage, Frequency and Mean Threshold",True,"volt_b, freq_a, freq_b, volt_a, higher_volt_clinique",85680,8064,0.9850840336134454,0.7890625,0.8388791593695272,0.22940613026819923,0.3602858217374953,2088,571,-72.65325670498085
modified loso,Kitatumba,LogisticRegression,"Voltage, Frequency, Mean Threshold and Time Series",True,"volt_b, volt_in_range_clinique, Prev_High_delta_freq_clinique, volt_a, higher_volt_clinique",85680,8064,0.9436507936507936,0.7721974206349206,0.9498207885304659,0.12691570881226052,0.22391212505280947,2088,279,-86.63793103448276
modified loso,Kitatumba,RandomForest_tuned,"Voltage, Frequency, Mean Threshold and Time Series",True,"volt_b, freq_a, volt_a, freq_b, Freq_delta_lab",85680,8064,0.9984710550887022,0.783234126984127,0.9166666666666666,0.17911877394636017,0.29967948717948717,2088,408,-80.45977011494253
modified loso,Kitatumba,XGBoost_tuned,"Voltage, Frequency, Mean Threshold and Time Series",True,"volt_b, freq_a, Hour_0, Hour_4, Hour_3",85680,8064,0.9981792717086835,0.7972470238095238,0.9415204678362573,0.23132183908045978,0.37139561707035756,2088,513,-75.43103448275862
modified loso,Kitatumba,LogisticRegression,"Voltage, Frequency, Mean threshold, TS and HMM",True,"volt_b, Prev_High_delta_freq_clinique, HMM_State_volt_b_2, HMM_State_volt_a_4, HMM_State_volt_a_0",85680,8064,0.9492763772175536,0.7744295634920635,1.0,0.12883141762452108,0.22825625795502757,2088,269,-87.11685823754789
modified loso,Kitatumba,RandomForest_tuned,"Voltage, Frequency, Mean threshold, TS and HMM",True,"volt_b, freq_a, volt_a, freq_b, HMM_State_freq_b_2",85680,8064,0.9991013071895425,0.7705853174603174,0.9280575539568345,0.1235632183908046,0.2180896027049873,2088,278,-86.68582375478927
modified loso,Kitatumba,XGBoost_tuned,"Voltage, Frequency, Mean threshold, TS and HMM",True,"HMM_State_freq_b_2, volt_b, HMM_State_volt_b_1, HMM_State_volt_b_2, Hour_12",85680,8064,0.9986577964519141,0.7565724206349206,0.9496402877697842,0.06321839080459771,0.11854512797485406,2088,139,-93.34291187739464
