facility,model,featuregroup,top5_features,trainset,testset,trainacc,testacc,precision,recall,f1 score,actual_mins_GENON,predicted_mins_GENON,Percentage generator on-time detection error
Ndosho,LogisticRegression,Voltage and Frequency Only,"Voltage C30F2E03 (Ch Cbca Bethesda Ndosho - clinique), Voltage 3E2F4FD3 (Ch Cbca Bethesda Ndosho - laboratoire), Frequency C30F2E03 (Ch Cbca Bethesda Ndosho - clinique), Frequency 3E2F4FD3 (Ch Cbca Bethesda Ndosho - laboratoire)",27216,18144,0.9616402116402116,0.9664902998236331,0.9426710097719869,0.8701142513529766,0.9049405878674172,3326,3070,-7.696933253156946
Ndosho,RandomForest,Voltage and Frequency Only,"Voltage C30F2E03 (Ch Cbca Bethesda Ndosho - clinique), Voltage 3E2F4FD3 (Ch Cbca Bethesda Ndosho - laboratoire), Frequency 3E2F4FD3 (Ch Cbca Bethesda Ndosho - laboratoire), Frequency C30F2E03 (Ch Cbca Bethesda Ndosho - clinique)",27216,18144,0.9971340388007055,0.9643408289241623,0.9478435305917753,0.8523752254960913,0.8975779642235239,3326,2991,-10.072158749248347
Ndosho,XGBoost,Voltage and Frequency Only,"Voltage C30F2E03 (Ch Cbca Bethesda Ndosho - clinique), Frequency 3E2F4FD3 (Ch Cbca Bethesda Ndosho - laboratoire), Voltage 3E2F4FD3 (Ch Cbca Bethesda Ndosho - laboratoire), Frequency C30F2E03 (Ch Cbca Bethesda Ndosho - clinique)",27216,18144,0.9930922986478542,0.9654431216931217,0.9517910947438902,0.854780517137703,0.9006811341675907,3326,2987,-10.192423331328923
Ndosho,XGBoost-tuned,Voltage and Frequency Only,"Voltage C30F2E03 (Ch Cbca Bethesda Ndosho - clinique), Voltage 3E2F4FD3 (Ch Cbca Bethesda Ndosho - laboratoire), Frequency 3E2F4FD3 (Ch Cbca Bethesda Ndosho - laboratoire), Frequency C30F2E03 (Ch Cbca Bethesda Ndosho - clinique)",27216,18144,0.98831569664903,0.9719466490299824,0.96996996996997,0.8740228502705953,0.9195002372291634,3326,2997,-9.89176187612748
Ndosho,LogisticRegression,"Voltage, Frequency and Mean Threshold","higher_freq_clinique, higher_volt_lab, Voltage C30F2E03 (Ch Cbca Bethesda Ndosho - clinique), higher_freq_lab, Voltage 3E2F4FD3 (Ch Cbca Bethesda Ndosho - laboratoire)",27216,18144,0.9615667254556144,0.9660493827160493,0.940793754066363,0.8695129284425737,0.90375,3326,3074,-7.576668671076368
Ndosho,RandomForest,"Voltage, Frequency and Mean Threshold","Voltage C30F2E03 (Ch Cbca Bethesda Ndosho - clinique), Voltage 3E2F4FD3 (Ch Cbca Bethesda Ndosho - laboratoire), Frequency 3E2F4FD3 (Ch Cbca Bethesda Ndosho - laboratoire), Frequency C30F2E03 (Ch Cbca Bethesda Ndosho - clinique), higher_volt_lab",27216,18144,0.9971340388007055,0.9662698412698413,0.953542780748663,0.8577871316897174,0.9031339031339032,3326,2992,-10.042092603728202
Ndosho,XGBoost,"Voltage, Frequency and Mean Threshold","Voltage C30F2E03 (Ch Cbca Bethesda Ndosho - clinique), Frequency 3E2F4FD3 (Ch Cbca Bethesda Ndosho - laboratoire), Voltage 3E2F4FD3 (Ch Cbca Bethesda Ndosho - laboratoire), Frequency C30F2E03 (Ch Cbca Bethesda Ndosho - clinique), higher_volt_clinique",27216,18144,0.9930922986478542,0.9654431216931217,0.9517910947438902,0.854780517137703,0.9006811341675907,3326,2987,-10.192423331328923
Ndosho,XGBoost-tuned,"Voltage, Frequency and Mean Threshold","higher_volt_clinique, Voltage C30F2E03 (Ch Cbca Bethesda Ndosho - clinique), higher_volt_lab, Voltage 3E2F4FD3 (Ch Cbca Bethesda Ndosho - laboratoire), Frequency 3E2F4FD3 (Ch Cbca Bethesda Ndosho - laboratoire)",27216,18144,0.9879482657260436,0.9711199294532628,0.9679358717434869,0.8713168971737824,0.9170886075949367,3326,2994,-9.981960312687914
Ndosho,LogisticRegression,"Voltage, Frequency, Mean Threshold and Time Series","higher_volt_lab, higher_volt_clinique, Hour_1, Hour_2, Hour_0",27216,18144,0.9749779541446209,0.9693562610229277,0.9852838121934128,0.8454600120264583,0.9100323624595469,3326,2854,-14.191220685508117
Ndosho,RandomForest,"Voltage, Frequency, Mean Threshold and Time Series","Voltage C30F2E03 (Ch Cbca Bethesda Ndosho - clinique), Voltage 3E2F4FD3 (Ch Cbca Bethesda Ndosho - laboratoire), Frequency 3E2F4FD3 (Ch Cbca Bethesda Ndosho - laboratoire), Frequency C30F2E03 (Ch Cbca Bethesda Ndosho - clinique), higher_volt_lab",27216,18144,1.0,0.9930555555555556,0.9968944099378882,0.9651232711966325,0.9807516040329972,3326,3220,-3.1870114251352977
Ndosho,XGBoost,"Voltage, Frequency, Mean Threshold and Time Series","Voltage C30F2E03 (Ch Cbca Bethesda Ndosho - clinique), Frequency 3E2F4FD3 (Ch Cbca Bethesda Ndosho - laboratoire), Hour_4, Hour_3, Hour_12",27216,18144,1.0,0.9910714285714286,0.9940662086196127,0.9570054119061936,0.9751838235294118,3326,3202,-3.728202044497895
Ndosho,XGBoost-tuned,"Voltage, Frequency, Mean Threshold and Time Series","higher_volt_clinique, higher_volt_lab, Voltage C30F2E03 (Ch Cbca Bethesda Ndosho - clinique), Hour_14, Frequency 3E2F4FD3 (Ch Cbca Bethesda Ndosho - laboratoire)",27216,18144,0.9966931216931217,0.9930004409171076,0.994435857805255,0.9672279013830427,0.9806431946349642,3326,3235,-2.736019242333133
Ndosho,LogisticRegression,"Voltage, Frequency, Mean threshold, TS and HMM","Hour_1, Hour_0, Hour_23, HMM_State_Voltage 3E2F4FD3 (Ch Cbca Bethesda Ndosho - laboratoire)_3, Hour_2",27216,18144,0.9848985890652557,0.9763007054673721,0.9979367262723521,0.8725195429945881,0.931023419955085,3326,2908,-12.567648827420324
Ndosho,RandomForest,"Voltage, Frequency, Mean threshold, TS and HMM","Voltage C30F2E03 (Ch Cbca Bethesda Ndosho - clinique), Voltage 3E2F4FD3 (Ch Cbca Bethesda Ndosho - laboratoire), Frequency 3E2F4FD3 (Ch Cbca Bethesda Ndosho - laboratoire), Frequency C30F2E03 (Ch Cbca Bethesda Ndosho - clinique), HMM_State_Voltage 3E2F4FD3 (Ch Cbca Bethesda Ndosho - laboratoire)_3",27216,18144,1.0,0.9891975308641975,0.9902882205513784,0.9503908598917619,0.9699294262043572,3326,3192,-4.028863499699338
Ndosho,XGBoost,"Voltage, Frequency, Mean threshold, TS and HMM","Voltage C30F2E03 (Ch Cbca Bethesda Ndosho - clinique), Frequency 3E2F4FD3 (Ch Cbca Bethesda Ndosho - laboratoire), Hour_4, HMM_State_Voltage 3E2F4FD3 (Ch Cbca Bethesda Ndosho - laboratoire)_3, Hour_3",27216,18144,1.0,0.9914021164021164,0.9943855271366189,0.9585087191822008,0.9761175750153093,3326,3206,-3.607937462417318
Ndosho,XGBoost-tuned,"Voltage, Frequency, Mean threshold, TS and HMM","Hour_13, HMM_State_Frequency C30F2E03 (Ch Cbca Bethesda Ndosho - clinique)_3, Voltage C30F2E03 (Ch Cbca Bethesda Ndosho - clinique), HMM_State_Voltage C30F2E03 (Ch Cbca Bethesda Ndosho - clinique)_3, HMM_State_Voltage 3E2F4FD3 (Ch Cbca Bethesda Ndosho - laboratoire)_3",27216,18144,0.9969870664315109,0.9937169312169312,0.9972136222910216,0.9684305472038485,0.9826113483831604,3326,3230,-2.8863499699338546
Walikale,LogisticRegression,Voltage and Frequency Only,"Frequency 09B35150 (Hgr Walikale - Lab), Voltage 09B35150 (Hgr Walikale - Lab), Frequency 64B734C2 (Hgr Walikale - Cabane), Voltage 64B734C2 (Hgr Walikale - Cabane)",12096,8064,0.9928902116402116,0.9418402777777778,0.9900990099009901,0.5186721991701245,0.6807351940095303,964,505,-47.614107883817425
Walikale,RandomForest,Voltage and Frequency Only,"Frequency 09B35150 (Hgr Walikale - Lab), Frequency 64B734C2 (Hgr Walikale - Cabane), Voltage 64B734C2 (Hgr Walikale - Cabane), Voltage 09B35150 (Hgr Walikale - Lab)",12096,8064,1.0,0.996155753968254,1.0,0.9678423236514523,0.9836584080126516,964,933,-3.215767634854772
Walikale,XGBoost,Voltage and Frequency Only,"Frequency 09B35150 (Hgr Walikale - Lab), Frequency 64B734C2 (Hgr Walikale - Cabane), Voltage 09B35150 (Hgr Walikale - Lab), Voltage 64B734C2 (Hgr Walikale - Cabane)",12096,8064,0.999834656084656,0.9971478174603174,1.0,0.9761410788381742,0.9879265091863517,964,941,-2.3858921161825726
Walikale,XGBoost-tuned,Voltage and Frequency Only,"Frequency 09B35150 (Hgr Walikale - Lab), Frequency 64B734C2 (Hgr Walikale - Cabane), Voltage 64B734C2 (Hgr Walikale - Cabane), Voltage 09B35150 (Hgr Walikale - Lab)",12096,8064,0.999834656084656,0.9964037698412699,1.0,0.9699170124481328,0.9847288046340179,964,935,-3.008298755186722
Walikale,LogisticRegression,"Voltage, Frequency and Mean Threshold","higher_freq_clinique, higher_freq_lab, higher_volt_clinique, higher_volt_lab, Frequency 09B35150 (Hgr Walikale - Lab)",12096,8064,0.9971064814814815,0.9755704365079365,0.9986996098829649,0.7966804979253111,0.8863242931332949,964,769,-20.228215767634854
Walikale,RandomForest,"Voltage, Frequency and Mean Threshold","Frequency 64B734C2 (Hgr Walikale - Cabane), Frequency 09B35150 (Hgr Walikale - Lab), higher_freq_clinique, higher_freq_lab, Voltage 64B734C2 (Hgr Walikale - Cabane)",12096,8064,1.0,0.9949156746031746,1.0,0.9574688796680498,0.9782723900370959,964,923,-4.253112033195021
Walikale,XGBoost,"Voltage, Frequency and Mean Threshold","Frequency 09B35150 (Hgr Walikale - Lab), Frequency 64B734C2 (Hgr Walikale - Cabane), Voltage 09B35150 (Hgr Walikale - Lab), Voltage 64B734C2 (Hgr Walikale - Cabane), higher_volt_clinique",12096,8064,0.999834656084656,0.9971478174603174,1.0,0.9761410788381742,0.9879265091863517,964,941,-2.3858921161825726
Walikale,XGBoost-tuned,"Voltage, Frequency and Mean Threshold","higher_freq_clinique, Frequency 09B35150 (Hgr Walikale - Lab), higher_volt_clinique, higher_freq_lab, Frequency 64B734C2 (Hgr Walikale - Cabane)",12096,8064,0.999834656084656,0.9968998015873016,1.0,0.9740663900414938,0.9868628481345244,964,939,-2.5933609958506225
Walikale,LogisticRegression,"Voltage, Frequency, Mean Threshold and Time Series","higher_freq_clinique, higher_freq_lab, freq_delta_negative_clinique, Hour_7, Hour_2",12096,8064,0.9986772486772487,0.9852430555555556,0.9988193624557261,0.8775933609958506,0.9342904472667035,964,847,-12.136929460580912
Walikale,RandomForest,"Voltage, Frequency, Mean Threshold and Time Series","Frequency 09B35150 (Hgr Walikale - Lab), Frequency 64B734C2 (Hgr Walikale - Cabane), higher_freq_clinique, higher_freq_lab, Freq_delta_clinique",12096,8064,1.0,0.9976438492063492,1.0,0.9802904564315352,0.9900471451021478,964,945,-1.9709543568464731
Walikale,XGBoost,"Voltage, Frequency, Mean Threshold and Time Series","Frequency 09B35150 (Hgr Walikale - Lab), Frequency 64B734C2 (Hgr Walikale - Cabane), Freq_delta_clinique, Freq_delta_lab, Voltage 09B35150 (Hgr Walikale - Lab)",12096,8064,0.999917328042328,0.9978918650793651,1.0,0.9823651452282157,0.9911041339612768,964,947,-1.7634854771784232
Walikale,XGBoost-tuned,"Voltage, Frequency, Mean Threshold and Time Series","Frequency 09B35150 (Hgr Walikale - Lab), higher_freq_clinique, Frequency 64B734C2 (Hgr Walikale - Cabane), higher_freq_lab, Freq_delta_clinique",12096,8064,1.0,0.9982638888888888,1.0,0.9854771784232366,0.9926854754440961,964,950,-1.4522821576763485
Walikale,LogisticRegression,"Voltage, Frequency, Mean threshold, TS and HMM","HMM_State_Frequency 09B35150 (Hgr Walikale - Lab)_3, HMM_State_Frequency 64B734C2 (Hgr Walikale - Cabane)_2, HMM_State_Frequency 09B35150 (Hgr Walikale - Lab)_0, higher_freq_lab, HMM_State_Frequency 64B734C2 (Hgr Walikale - Cabane)_0",12096,8064,0.999917328042328,0.9996279761904762,1.0,0.9968879668049793,0.9984415584415585,964,961,-0.3112033195020747
Walikale,RandomForest,"Voltage, Frequency, Mean threshold, TS and HMM","HMM_State_Frequency 09B35150 (Hgr Walikale - Lab)_3, Frequency 64B734C2 (Hgr Walikale - Cabane), Frequency 09B35150 (Hgr Walikale - Lab), HMM_State_Frequency 64B734C2 (Hgr Walikale - Cabane)_2, higher_freq_clinique",12096,8064,1.0,0.9995039682539683,1.0,0.995850622406639,0.997920997920998,964,960,-0.4149377593360996
Walikale,XGBoost,"Voltage, Frequency, Mean threshold, TS and HMM","HMM_State_Frequency 09B35150 (Hgr Walikale - Lab)_3, Frequency 09B35150 (Hgr Walikale - Lab), HMM_State_Frequency 64B734C2 (Hgr Walikale - Cabane)_2, HMM_State_Frequency 64B734C2 (Hgr Walikale - Cabane)_0, freq_in_range_clinique",12096,8064,1.0,0.9996279761904762,1.0,0.9968879668049793,0.9984415584415585,964,961,-0.3112033195020747
Walikale,XGBoost-tuned,"Voltage, Frequency, Mean threshold, TS and HMM","HMM_State_Frequency 09B35150 (Hgr Walikale - Lab)_3, Frequency 09B35150 (Hgr Walikale - Lab), Frequency 64B734C2 (Hgr Walikale - Cabane), higher_freq_clinique, higher_freq_lab",12096,8064,1.0,0.9992559523809523,1.0,0.9937759336099585,0.9968782518210197,964,958,-0.6224066390041494
Kitatumba,LogisticRegression,Voltage and Frequency Only,"Frequency D2B9CB2E (Hgr Kitatumba - Mdh office), Voltage D2B9CB2E (Hgr Kitatumba - Mdh office), Voltage 6EF39700 (Hgr Kitatumba - Labo), Frequency 6EF39700 (Hgr Kitatumba - Labo)",12096,8064,0.9265873015873016,0.8494543650793651,0.9965909090909091,0.4200191570881226,0.5909703504043127,2088,880,-57.8544061302682
Kitatumba,RandomForest,Voltage and Frequency Only,"Frequency D2B9CB2E (Hgr Kitatumba - Mdh office), Frequency 6EF39700 (Hgr Kitatumba - Labo), Voltage 6EF39700 (Hgr Kitatumba - Labo), Voltage D2B9CB2E (Hgr Kitatumba - Mdh office)",12096,8064,1.0,1.0,1.0,1.0,1.0,2088,2088,0.0
Kitatumba,XGBoost,Voltage and Frequency Only,"Frequency D2B9CB2E (Hgr Kitatumba - Mdh office), Frequency 6EF39700 (Hgr Kitatumba - Labo), Voltage 6EF39700 (Hgr Kitatumba - Labo), Voltage D2B9CB2E (Hgr Kitatumba - Mdh office)",12096,8064,1.0,0.9988839285714286,0.9995194617972128,0.9961685823754789,0.9978412089230031,2088,2081,-0.33524904214559387
Kitatumba,XGBoost-tuned,Voltage and Frequency Only,"Frequency D2B9CB2E (Hgr Kitatumba - Mdh office), Frequency 6EF39700 (Hgr Kitatumba - Labo), Voltage D2B9CB2E (Hgr Kitatumba - Mdh office), Voltage 6EF39700 (Hgr Kitatumba - Labo)",12096,8064,1.0,0.9998759920634921,0.9995213020584012,1.0,0.9997605937275557,2088,2089,0.04789272030651341
Kitatumba,LogisticRegression,"Voltage, Frequency and Mean Threshold","higher_freq_lab, higher_freq_clinique, Frequency D2B9CB2E (Hgr Kitatumba - Mdh office), higher_volt_lab, higher_volt_clinique",12096,8064,0.9229497354497355,0.8231646825396826,0.996996996996997,0.31800766283524906,0.4822076978939724,2088,666,-68.10344827586206
Kitatumba,RandomForest,"Voltage, Frequency and Mean Threshold","Frequency D2B9CB2E (Hgr Kitatumba - Mdh office), Frequency 6EF39700 (Hgr Kitatumba - Labo), Voltage 6EF39700 (Hgr Kitatumba - Labo), higher_freq_lab, Voltage D2B9CB2E (Hgr Kitatumba - Mdh office)",12096,8064,1.0,0.9997519841269841,0.999043062200957,1.0,0.9995213020584012,2088,2090,0.09578544061302682
Kitatumba,XGBoost,"Voltage, Frequency and Mean Threshold","Frequency D2B9CB2E (Hgr Kitatumba - Mdh office), Frequency 6EF39700 (Hgr Kitatumba - Labo), Voltage 6EF39700 (Hgr Kitatumba - Labo), Voltage D2B9CB2E (Hgr Kitatumba - Mdh office), higher_volt_clinique",12096,8064,1.0,0.9988839285714286,0.9995194617972128,0.9961685823754789,0.9978412089230031,2088,2081,-0.33524904214559387
Kitatumba,XGBoost-tuned,"Voltage, Frequency and Mean Threshold","Frequency 6EF39700 (Hgr Kitatumba - Labo), Frequency D2B9CB2E (Hgr Kitatumba - Mdh office), higher_freq_lab, higher_freq_clinique, Voltage 6EF39700 (Hgr Kitatumba - Labo)",12096,8064,1.0,0.9998759920634921,0.9995213020584012,1.0,0.9997605937275557,2088,2089,0.04789272030651341
Kitatumba,LogisticRegression,"Voltage, Frequency, Mean Threshold and Time Series","High_delta_freq_lab, Prev_High_delta_freq_lab, freq_in_range_lab, High_delta_freq_clinique, Hour_5",12096,8064,0.9050099206349206,0.8266369047619048,0.9411764705882353,0.3524904214559387,0.5128919860627178,2088,782,-62.547892720306514
Kitatumba,RandomForest,"Voltage, Frequency, Mean Threshold and Time Series","Frequency D2B9CB2E (Hgr Kitatumba - Mdh office), Frequency 6EF39700 (Hgr Kitatumba - Labo), High_delta_freq_lab, Prev_High_delta_freq_lab, freq_in_range_lab",12096,8064,1.0,0.9997519841269841,0.999043062200957,1.0,0.9995213020584012,2088,2090,0.09578544061302682
Kitatumba,XGBoost,"Voltage, Frequency, Mean Threshold and Time Series","Frequency D2B9CB2E (Hgr Kitatumba - Mdh office), Freq_delta_clinique, Voltage 6EF39700 (Hgr Kitatumba - Labo), Frequency 6EF39700 (Hgr Kitatumba - Labo), Freq_delta_lab",12096,8064,1.0,0.9993799603174603,0.9995203836930455,0.9980842911877394,0.9988018212317278,2088,2085,-0.14367816091954022
Kitatumba,XGBoost-tuned,"Voltage, Frequency, Mean Threshold and Time Series","Frequency 6EF39700 (Hgr Kitatumba - Labo), Frequency D2B9CB2E (Hgr Kitatumba - Mdh office), volt_in_range_lab, Hour_18, volt_in_range_clinique",12096,8064,1.0,0.9998759920634921,0.9995213020584012,1.0,0.9997605937275557,2088,2089,0.04789272030651341
Kitatumba,LogisticRegression,"Voltage, Frequency, Mean threshold, TS and HMM","HMM_State_Frequency D2B9CB2E (Hgr Kitatumba - Mdh office)_0, HMM_State_Frequency D2B9CB2E (Hgr Kitatumba - Mdh office)_2, HMM_State_Frequency 6EF39700 (Hgr Kitatumba - Labo)_0, HMM_State_Frequency 6EF39700 (Hgr Kitatumba - Labo)_2, Prev_High_delta_freq_lab",12096,8064,0.9995039682539683,0.9988839285714286,0.9966555183946488,0.9990421455938697,0.9978474049270509,2088,2093,0.23946360153256704
Kitatumba,RandomForest,"Voltage, Frequency, Mean threshold, TS and HMM","Frequency D2B9CB2E (Hgr Kitatumba - Mdh office), HMM_State_Frequency 6EF39700 (Hgr Kitatumba - Labo)_2, HMM_State_Frequency D2B9CB2E (Hgr Kitatumba - Mdh office)_0, HMM_State_Frequency 6EF39700 (Hgr Kitatumba - Labo)_0, Frequency 6EF39700 (Hgr Kitatumba - Labo)",12096,8064,1.0,1.0,1.0,1.0,1.0,2088,2088,0.0
Kitatumba,XGBoost,"Voltage, Frequency, Mean threshold, TS and HMM","HMM_State_Frequency 6EF39700 (Hgr Kitatumba - Labo)_2, HMM_State_Frequency D2B9CB2E (Hgr Kitatumba - Mdh office)_0, Voltage 6EF39700 (Hgr Kitatumba - Labo), Frequency D2B9CB2E (Hgr Kitatumba - Mdh office), Freq_delta_clinique",12096,8064,1.0,1.0,1.0,1.0,1.0,2088,2088,0.0
Kitatumba,XGBoost-tuned,"Voltage, Frequency, Mean threshold, TS and HMM","HMM_State_Frequency 6EF39700 (Hgr Kitatumba - Labo)_2, HMM_State_Frequency 6EF39700 (Hgr Kitatumba - Labo)_0, Frequency D2B9CB2E (Hgr Kitatumba - Mdh office), HMM_State_Frequency D2B9CB2E (Hgr Kitatumba - Mdh office)_0, volt_in_range_lab",12096,8064,1.0,1.0,1.0,1.0,1.0,2088,2088,0.0
Katwa,LogisticRegression,Voltage and Frequency Only,"Voltage AEBA416D (Hgr Katwa - Cabine), Voltage 1C712FB8 (Hgr Katwa - Labo), Frequency 1C712FB8 (Hgr Katwa - Labo), Frequency AEBA416D (Hgr Katwa - Cabine)",12096,8064,0.8522652116402116,0.8918650793650794,0.4,0.006904487917146145,0.013574660633484163,869,15,-98.27387802071347
Katwa,RandomForest,Voltage and Frequency Only,"Frequency AEBA416D (Hgr Katwa - Cabine), Frequency 1C712FB8 (Hgr Katwa - Labo), Voltage AEBA416D (Hgr Katwa - Cabine), Voltage 1C712FB8 (Hgr Katwa - Labo)",12096,8064,0.9918981481481481,0.9494047619047619,0.7209971236816874,0.8653624856156502,0.7866108786610879,869,1043,20.02301495972382
Katwa,XGBoost,Voltage and Frequency Only,"Frequency AEBA416D (Hgr Katwa - Cabine), Frequency 1C712FB8 (Hgr Katwa - Labo), Voltage AEBA416D (Hgr Katwa - Cabine), Voltage 1C712FB8 (Hgr Katwa - Labo)",12096,8064,0.9749503968253969,0.9523809523809523,0.7389162561576355,0.8630609896432682,0.7961783439490446,869,1015,16.800920598388952
Katwa,XGBoost-tuned,Voltage and Frequency Only,"Frequency 1C712FB8 (Hgr Katwa - Labo), Frequency AEBA416D (Hgr Katwa - Cabine), Voltage AEBA416D (Hgr Katwa - Cabine), Voltage 1C712FB8 (Hgr Katwa - Labo)",12096,8064,0.9587466931216931,0.9579613095238095,0.7766179540709812,0.856156501726122,0.8144499178981938,869,958,10.241657077100115
Katwa,LogisticRegression,"Voltage, Frequency and Mean Threshold","higher_freq_lab, higher_volt_lab, higher_volt_clinique, higher_freq_clinique, Voltage AEBA416D (Hgr Katwa - Cabine)",12096,8064,0.855406746031746,0.8919890873015873,0.4166666666666667,0.005753739930955121,0.011350737797956867,869,12,-98.61910241657077
Katwa,RandomForest,"Voltage, Frequency and Mean Threshold","Frequency AEBA416D (Hgr Katwa - Cabine), Frequency 1C712FB8 (Hgr Katwa - Labo), Voltage AEBA416D (Hgr Katwa - Cabine), Voltage 1C712FB8 (Hgr Katwa - Labo), higher_volt_lab",12096,8064,0.9918981481481481,0.9487847222222222,0.7217898832684825,0.85385500575374,0.7822878228782287,869,1028,18.296892980437285
Katwa,XGBoost,"Voltage, Frequency and Mean Threshold","Frequency AEBA416D (Hgr Katwa - Cabine), Frequency 1C712FB8 (Hgr Katwa - Labo), Voltage AEBA416D (Hgr Katwa - Cabine), Voltage 1C712FB8 (Hgr Katwa - Labo), higher_volt_clinique",12096,8064,0.9749503968253969,0.9523809523809523,0.7389162561576355,0.8630609896432682,0.7961783439490446,869,1015,16.800920598388952
Katwa,XGBoost-tuned,"Voltage, Frequency and Mean Threshold","higher_volt_clinique, Frequency AEBA416D (Hgr Katwa - Cabine), Frequency 1C712FB8 (Hgr Katwa - Labo), Voltage AEBA416D (Hgr Katwa - Cabine), Voltage 1C712FB8 (Hgr Katwa - Labo)",12096,8064,0.9571759259259259,0.9577132936507936,0.7744282744282744,0.857307249712313,0.8137629710540688,869,962,10.701956271576524
Katwa,LogisticRegression,"Voltage, Frequency, Mean Threshold and Time Series","Prev_High_delta_freq_lab, High_delta_freq_lab, Hour_7, Hour_23, Hour_22",12096,8064,0.8719411375661376,0.8902529761904762,0.38571428571428573,0.031070195627157654,0.05750798722044728,869,70,-91.94476409666284
Katwa,RandomForest,"Voltage, Frequency, Mean Threshold and Time Series","Frequency AEBA416D (Hgr Katwa - Cabine), Frequency 1C712FB8 (Hgr Katwa - Labo), Voltage AEBA416D (Hgr Katwa - Cabine), Voltage 1C712FB8 (Hgr Katwa - Labo), Freq_delta_clinique",12096,8064,0.999917328042328,0.9689980158730159,0.8289054197662061,0.8975834292289988,0.861878453038674,869,941,8.285385500575375
Katwa,XGBoost,"Voltage, Frequency, Mean Threshold and Time Series","Frequency AEBA416D (Hgr Katwa - Cabine), Frequency 1C712FB8 (Hgr Katwa - Labo), Hour_22, Voltage AEBA416D (Hgr Katwa - Cabine), Hour_18",12096,8064,0.9957010582010583,0.9662698412698413,0.8030456852791878,0.9102416570771001,0.8532901833872708,869,985,13.34867663981588
Katwa,XGBoost-tuned,"Voltage, Frequency, Mean Threshold and Time Series","Frequency 1C712FB8 (Hgr Katwa - Labo), Frequency AEBA416D (Hgr Katwa - Cabine), Voltage AEBA416D (Hgr Katwa - Cabine), higher_volt_lab, higher_volt_clinique",12096,8064,0.9799107142857143,0.9652777777777778,0.8077324973876698,0.8895281933256617,0.8466593647316539,869,957,10.126582278481013
Katwa,LogisticRegression,"Voltage, Frequency, Mean threshold, TS and HMM","Hour_23, Hour_22, HMM_State_Frequency AEBA416D (Hgr Katwa - Cabine)_2, HMM_State_Frequency AEBA416D (Hgr Katwa - Cabine)_0, HMM_State_Frequency 1C712FB8 (Hgr Katwa - Labo)_3",12096,8064,0.9691633597883598,0.9688740079365079,0.8696172248803827,0.8365937859608745,0.8527859237536657,869,836,-3.7974683544303796
Katwa,RandomForest,"Voltage, Frequency, Mean threshold, TS and HMM","HMM_State_Frequency AEBA416D (Hgr Katwa - Cabine)_0, HMM_State_Frequency AEBA416D (Hgr Katwa - Cabine)_2, HMM_State_Frequency 1C712FB8 (Hgr Katwa - Labo)_3, HMM_State_Frequency 1C712FB8 (Hgr Katwa - Labo)_0, Frequency AEBA416D (Hgr Katwa - Cabine)",12096,8064,0.999917328042328,0.9759424603174603,0.8874856486796785,0.8895281933256617,0.8885057471264368,869,871,0.23014959723820483
Katwa,XGBoost,"Voltage, Frequency, Mean threshold, TS and HMM","HMM_State_Frequency AEBA416D (Hgr Katwa - Cabine)_2, HMM_State_Frequency 1C712FB8 (Hgr Katwa - Labo)_0, HMM_State_Frequency 1C712FB8 (Hgr Katwa - Labo)_3, Hour_3, Hour_20",12096,8064,0.9976025132275133,0.970734126984127,0.8252826310380267,0.9240506329113924,0.8718783930510315,869,973,11.967779056386652
Katwa,XGBoost-tuned,"Voltage, Frequency, Mean threshold, TS and HMM","HMM_State_Frequency AEBA416D (Hgr Katwa - Cabine)_0, HMM_State_Frequency AEBA416D (Hgr Katwa - Cabine)_2, HMM_State_Frequency 1C712FB8 (Hgr Katwa - Labo)_3, HMM_State_Frequency 1C712FB8 (Hgr Katwa - Labo)_0, higher_volt_clinique",12096,8064,0.984540343915344,0.9712301587301587,0.8450704225352113,0.8975834292289988,0.8705357142857143,869,923,6.214039125431531
